{ "_w2W6C": -1 , "_CgzB1": [ -3 , [ [ 0 , { "_kY5Hv": [ 2 , [ 3 , [ -1.1 , [ -2.2 ] , -3.3 , { "_ga72r": 0.0 , "_GqTI0": 1.1 , "_RzBOD": 2.2 , "_qVunN": [ ] } , 3.3 , [ [ ] , [ ] , true , false , null , [ ] , [ ] , { } , 1234567890 , -1234567890 ] , { "_KKlIg": 1.23456789e100 , "_7dVhn": -3.45678901e100 , "_VaFAv": [ ] , "_NwLlQ": -4.56789012e-100 , "_GSmDm": { } , "_R6dnB": [ ] , "_vyXuS": [ ] , "_u4fHp": 2.34567890e-100 , "_DHu8x": "one" , "_VUnY5": "two" } ] , "three" ] , "four" ] , "_f0wUZ": [ [ { "_pMXp8": { "_5gzbG": true , "_FxDxd": 1234567890 , "_NqVB2": [ ] , "_pfXRB": 3.3 , "_gUMMc": null , "_bvTA3": false , "_ac8bN": -1234567890 , "_vHRhb": { } , "_rhzPT": [ ] } , "_39V2A": 2.2 , "_7Gp1a": 2.34567890e-100 , "_mc62U": { "_voL1N": [ ] , "_1Bk81": { } } , "_dFxlB": 1.23456789e100 } , [ [ -3.45678901e100 , -4.56789012e-100 ] , "one" , "two" ] , "three" , "four" , "five" , -1 , [ -2 ] ] , [ [ [ [ ] , { } , -3 , 0 ] , { "_gWa1j": 3 , "_omhsi": 2 , "_naNci": [ ] , "_C8CVZ": 1 } , [ [ ] , [ ] , -1.1 , -2.2 , [ ] , [ ] , -3.3 , 0.0 ] , 1.1 ] , { "_7jmyB": [ [ ] , [ ] , -1234567890 , 1.23456789e100 , 2.34567890e-100 ] , "_xLFtO": [ [ ] ] , "_nbzZM": { "_GElqy": { } , "_ze0jD": [ ] , "_u4c5S": 1234567890 , "_xiyHK": [ ] , "_m99zu": null } , "_r1DoE": [ 2.2 , { } , 3.3 , true ] , "_LRnjF": false } , -3.45678901e100 , -4.56789012e-100 , [ "one" ] , "two" , "three" , "four" ] , [ "five" , { "_tksn6": 2 , "_abJ6B": -1.1 , "_ESTqi": -1 , "_6ENYF": -2 , "_diomz": [ -3 , [ ] , 0 , [ ] , [ ] , { } , [ ] , { } , 1 , [ ] ] , "_gRHJY": 3 } , [ -2.2 , { "_35CVX": -3.3 , "_TV7xc": { } } , [ 0.0 , [ ] , 1.1 , [ ] , 2.2 , [ ] ] , 3.3 , true , [ { } , { } , false , [ ] , { } , null ] , 1234567890 ] , -1234567890 , [ 1.23456789e100 , 2.34567890e-100 , -3.45678901e100 , -4.56789012e-100 , "one" , "two" , { "_fiWBX": { } , "_o6z1u": { } , "_D8NDs": "three" , "_a3aaV": [ ] } , "four" ] , "five" ] , -1 , -2 , [ -3 ] , 0 , 1 , 2 , 3 ] , "_5HyZY": [ [ "five" , [ -1 , -2 , -3 , 0 , { "_K76V0": [ ] , "_yDbd6": 1 } ] , 2 , 3 , [ -1.1 , -2.2 , -3.3 , { "_1yzNM": [ ] , "_Tr6SH": [ ] , "_oapnN": 0.0 , "_kYfaU": { } } ] , 1.1 , { "_xNeeD": [ [ ] , 1234567890 , -1234567890 , 1.23456789e100 , 2.34567890e-100 ] , "_mcuJd": false , "_Qz2UI": -1 , "_VLUz6": [ { } , [ ] , true ] , "_dM0YL": -3.45678901e100 , "_WEoDh": [ -4.56789012e-100 , "one" , "two" , [ ] , "three" , "four" , "five" , { } ] , "_hevAf": null , "_6yE9c": [ 2.2 , 3.3 ] } ] , [ -2 , { "_6r6Rs": -3.3 , "_3Ssj1": [ -3 , 0 , 1 , 2 , 3 , [ ] , -1.1 , -2.2 ] , "_Qi0QP": [ [ ] , 0.0 , [ ] , 1.1 , [ ] ] } , 2.2 , [ [ 3.3 ] , [ true , false , [ ] , null , [ ] , { } , 1234567890 ] , [ { } , -1234567890 , 1.23456789e100 , 2.34567890e-100 , -3.45678901e100 , -4.56789012e-100 , "one" ] , "two" , "three" ] , [ "four" , { "_N3OXF": -1 , "_jVNgR": "five" , "_GgLyA": -2 , "_P4GYu": [ ] , "_n4APj": [ ] } , { "_FJYwa": [ ] , "_ZdK8y": 2 , "_9U5RM": 0 , "_sqaNd": [ ] , "_1r24s": 1 , "_BeZeA": -3 } , 3 ] , -1.1 ] , -2.2 , -3.3 , [ 0.0 ] ] , "_Ip5lB": [ 1 , 2 , [ 3 , -1.1 , [ -2.2 , [ { } , -3.3 , 0.0 , 1.1 , 2.2 , 3.3 , true , { } , { } ] , [ false ] , null , 1234567890 , -1234567890 , 1.23456789e100 , { "_eu62w": -3.45678901e100 , "_OSgJ5": [ ] , "_Q3rFY": [ ] , "_pGJ8L": 2.34567890e-100 , "_nZA65": [ ] , "_USfZU": [ ] , "_UYRK1": { } } ] , [ [ [ ] , { } , { } , { } , -4.56789012e-100 , { } , "one" ] , "two" , "three" ] , "four" , "five" , [ -1 , -2 , -3 , [ [ ] , [ ] , [ ] , 0 , 1 , { } , 2 ] , [ 3 , [ ] , [ ] , [ ] , -1.1 , { } , [ ] ] , -2.2 , { "_5GIV8": [ ] , "_YiT0D": -3.3 , "_Lbq9W": 0.0 , "_rj3fl": [ ] , "_5EoIs": [ ] } , 1.1 , 2.2 ] ] , { "_dfR9l": [ 2.34567890e-100 , -3.45678901e100 , -4.56789012e-100 , "one" , [ { } , { } , [ ] ] ] , "_wgiEv": { "_5FxAR": [ false , null , 1234567890 , { } , -1234567890 , 1.23456789e100 , [ ] ] , "_WKhrQ": [ 3.3 , true , [ ] , [ ] , [ ] ] } , "_llgba": [ [ { } , "two" , "three" , { } , "four" ] , { "_lg8J5": -3 , "_zGsI8": "five" , "_TXW1H": [ ] , "_2EiYi": -2 , "_oGQd4": -1 , "_bkJMF": { } } , 0 ] } , 1 ] , "_KdxBi": 1.1 , "_wb79j": -1.1 } , -2.2 , [ -3.3 , { "_odyfD": { "_FayFV": -2 , "_Tlieo": [ false , { "_8gljr": [ ] , "_3j90F": [ ] , "_uVSMA": { } , "_g3Ufp": [ ] , "_iChHt": [ ] , "_og6Rj": { } , "_HMIE0": null } , { "_AmXkU": -3.45678901e100 , "_MGVJu": 1234567890 , "_Is0px": 2.34567890e-100 , "_5ruIs": { } , "_WW2jX": -1234567890 , "_H125C": 1.23456789e100 , "_Da2uO": [ ] } , { "_BcvtW": [ ] , "_Thhnw": [ ] , "_r2z3l": [ ] , "_sxHVC": [ ] , "_azBDz": "two" , "_UkXLf": -4.56789012e-100 , "_5s4ui": { } , "_Rpwy4": "three" , "_gfNWa": "four" , "_NbzOu": "one" } , "five" , [ { } , -1 , -2 , [ ] , -3 , 0 , { } ] , 1 , 2 , [ 3 , [ ] , -1.1 , -2.2 , [ ] , -3.3 , [ ] , { } , 0.0 ] ] , "_d1pmo": 3.3 , "_zVVnK": { "_6o06R": null , "_CQN02": false , "_BcCfD": "three" , "_uyiv9": [ "four" , [ ] ] , "_pb9qv": [ 1.1 , [ ] , { } , [ ] , 2.2 , 3.3 , true , [ ] ] , "_iObxv": { "_G6v1F": "two" } , "_HWfZM": [ [ ] , -1234567890 , [ ] , 1.23456789e100 , { } , [ ] , 2.34567890e-100 , -3.45678901e100 , -4.56789012e-100 ] , "_aGZst": 1234567890 , "_Ezq5Y": "one" } , "_cLYi0": [ [ { } , "five" , -1 , [ ] , -2 , -3 ] ] , "_ZlwT0": [ [ [ ] , true , false , { } ] , { "_X0lUT": [ ] , "_RH2yK": -1234567890 , "_C2vtt": { } , "_bYSWt": 2.34567890e-100 , "_X5Un4": [ ] , "_1qGUg": -3.45678901e100 , "_4mXXs": 1234567890 , "_qd0Zc": [ ] , "_WnegP": 1.23456789e100 , "_JU8wT": null } , [ -4.56789012e-100 , [ ] , [ ] , [ ] , [ ] , "one" , "two" , "three" ] , "four" , "five" , -1 ] , "_rHxBm": [ 0 , { "_P6Dr6": 1 } , 2 , [ { } , 3 , -1.1 , -2.2 , -3.3 , 0.0 , 1.1 , { } , 2.2 ] ] } , "_ELSc0": [ 0.0 , 1.1 , 2.2 , 3.3 , true ] , "_wUS8a": -1234567890 , "_Cv5G4": true , "_85s5P": { "_cMN6b": -2.2 , "_gPAWQ": 1.1 , "_Raw32": -3.3 , "_x2d02": null , "_Yw3vD": [ [ 3.3 , [ ] , true , { } , [ ] , { } ] , { "_SL8YA": [ ] , "_V0HDR": [ ] , "_O7Cjg": false } ] , "_HZQfK": { "_Q9Zp8": 2.2 } , "_EIERz": -1.1 , "_N16iq": 0.0 } , "_N8BKO": [ -3 , 0 , { "_syC3C": 1 } , [ { "_LwQNO": [ ] , "_Svs7p": 2 , "_xJm1Q": 3 , "_dIczj": -1.1 , "_fHt0V": { } , "_owruk": [ ] } , { "_zoXjS": { } } , -2.2 , -3.3 , { "_JNPTr": 1.1 , "_YlQHu": [ ] , "_FAyLa": 2.2 , "_qKKOi": [ ] , "_sxngr": 0.0 , "_osp4A": [ ] } , 3.3 ] ] , "_6RM39": 3 , "_0Rlys": [ { "_XyFxy": [ -1 , [ ] , -2 ] , "_HSjEe": { "_3frOe": "three" , "_oRdjE": "one" , "_MzIkA": "two" } , "_ptQTM": "four" , "_FSAUp": [ 0.0 , 1.1 , 2.2 , 3.3 , [ ] , [ ] , [ ] , true , false , [ ] ] , "_zQxy1": { "_hDxe4": 1.23456789e100 , "_FS0Cn": 2.34567890e-100 , "_6zces": -3.45678901e100 , "_no6hk": 1234567890 , "_XjMQV": { } , "_Gmwoa": -1234567890 , "_ziLqR": null } , "_pWiWK": 0 , "_z5fRY": -3 , "_VuAQI": "five" , "_lWkHn": -4.56789012e-100 } , 1 , 2 ] , "_sSCTu": 1234567890 , "_Wd3Tu": [ [ [ false , null , [ ] , 1234567890 , -1234567890 ] , [ 1.23456789e100 , 2.34567890e-100 , -3.45678901e100 , -4.56789012e-100 , { } , "one" ] , "two" , { "_ha8SY": [ ] , "_fICrz": [ ] , "_yCeoD": { } , "_kboXN": "five" , "_D3EFN": "three" , "_Y1qYP": [ ] , "_dlvlq": "four" } , -1 , [ -2 , -3 , 0 , 1 , [ ] , { } , { } , [ ] , 2 ] , [ [ ] , 3 , { } , [ ] , { } , [ ] ] , -1.1 , -2.2 , -3.3 ] ] } , 1.23456789e100 , 2.34567890e-100 ] , [ [ [ -3.45678901e100 , -4.56789012e-100 , [ "one" , "two" , "three" , "four" , "five" , -1 , { "_Asepn": { } , "_eICbk": -2 , "_CxIHU": { } , "_fsYVI": [ ] , "_kpXW7": -3 } , 0 , [ { } , 1 , { } ] , 2 ] , [ [ [ ] , 3 , [ ] , -1.1 ] , [ -2.2 , [ ] ] , -3.3 , [ 0.0 , 1.1 , 2.2 ] , [ 3.3 , true , { } , false ] , [ null , 1234567890 , -1234567890 , 1.23456789e100 , [ ] , 2.34567890e-100 , -3.45678901e100 , -4.56789012e-100 ] ] , "one" , "two" , [ [ [ ] , "three" , "four" , "five" , [ ] , -1 , { } , [ ] ] , -2 , -3 , 0 , { "_tC7bE": 1 } , 2 , 3 , { "_KkwiA": { } , "_FzFsq": -2.2 , "_Lrcsw": { } , "_o3Pqi": 0.0 , "_Ytw7D": -3.3 ,